Workbook

Sheet Instrucciones
B2: Clasificación de experimentos — Illari OpenLab Académico
B4: Cómo llenar la hoja "Experimentos"
B5: 1. Una fila por experimento, a partir de la fila 4. La fila 3 es un EJEMPLO (gris): puedes dejarla o borrarla, se ignora.
B6: 2. Obligatorio: "Archivo HTML" (nombre exacto del archivo) y al menos una "x" en Tópicos o Campos de aplicación.
B7: 3. Tópicos, Campos y Seguridad: marca con una "x" (lista desplegable) todas las columnas que correspondan. Un experimento puede tener varias.
B8: 4. Lo demás es opcional: si lo dejas vacío, simplemente no se muestra en la app.
B9: 5. La columna "Estado" se calcula sola: dice "Falta" si falta el archivo o no marcaste ningún tópico ni campo.
B11: Qué significa cada columna
B12: Archivo HTML — ej. sintesis_grafeno_electroquimicamente.html (de aquí se extraen introducción, objetivos, materiales, pasos y preguntas).
B13: Título — opcional; si queda vacío se toma el título del HTML.
B14: Resumen — 2 o 3 líneas que aparecen en la lista de experimentos (S3).
B15: Nivel — Primaria, Secundaria, Secundaria avanzada, Universitario o Todos.
... B22: Celdas blancas: para llenar. Fila gris: ejemplo. Columna "Estado": automática, no editar.

Sheet Experimentos
A1: DATOS | H1: TÓPICOS | M1: CAMPOS DE APLICACIÓN | W1: SEGURIDAD
A2: Archivo HTML | B2: Título | C2: Resumen | D2: Nivel | E2: Duración (min) | F2: Kits | G2: Nobel (año) | H2: Electroquímica | I2: Microscopía | J2: Espectrofotometría | K2: Energía | L2: DigiChem | M2: NanoTec | N2: Industria | O2: Almacenamiento de energía | P2: Generación de energía | Q2: Ciencias básicas | R2: Tratamientos de aguas | S2: Medio ambiente | T2: Química digital | U2: Microrobótica | V2: Otras áreas | W2: Corrosivo | X2: Inflamable | Y2: Láser | Z2: Eléctrico | AA2: Calor | AB2: Tóxico | AC2: Gases | AD2: Estado | AE2: Referencia
A3: exp_ele_sint_grafeno.html | B3: Síntesis electroquímica de grafeno | C3: Obtención de grafeno por método electroquímico (seguro, amigable con el medio ambiente, escalable). A partir de minas de lápiz. | D3: Todos | E3: 60 | F3: Central | G3: 2010 | H3: x | M3: x | Q3: x | Z3: x | AD3: =IF(AND($A3="",COUNTIF(H3:V3,"x")=0),"",IF(AND($A3<>"",COUNTIF(H3:V3,"x")>0),"OK","Falta")) -> OK | AE3: https://pubs.acs.org/doi/10.1021/acsami.7b09891
A4: exp_ele_cqds.html | B4: Síntesis de puntos cuánticos de carbono | C4: Sintetiza puntos cuánticos de carbono utilizando insumos accesibles y seguros. | D4: Secundaria avanzada | E4: 60 | F4: Central | G4: 2023 | H4: x | M4: x | Q4: x | Z4: x | AD4: =IF(AND($A4="",COUNTIF(H4:V4,"x")=0),"",IF(AND($A4<>"",COUNTIF(H4:V4,"x")>0),"OK","Falta")) -> OK | AE4: https://www.sciencedirect.com/org/science/article/pii/S2041652023065914
A5: exp_digi_microesf.html | B5: Microesferas de Gelatina | C5: Produce microesferas de gelatina utilizando microfluídica. Controla tamaño y uniformidad. Esta técnica es ampliamente utilizada en liberación controlada de fármacos, encapsulación y sistemas biomédicos. | D5: Secundaria avanzada | E5: 45 | F5: Central/DigiChem | L5: x | N5: x | Q5: x | T5: x | V5: x | AD5: OK | AE5: https://pubs.acs.org/doi/10.1021/acs.jchemed.2c00901
A6: exp_digi_quim_microf.html | B6: Química en Microfluídica | C6: Explora cómo pequeñas cantidades de sustancias pueden realizar reacciones químicas en microcanales, descubriendo las ventajas de la microfluídica para hacer experimentos más rápidos, económicos y sostenibles. | D6: Todos | E6: 120 | F6: Central/DigiChem | L6: x | Q6: x | T6: x | AD6: =IF(AND($A6="",COUNTIF(H6:V6,"x")=0),"",IF(AND($A6<>"",COUNTIF(H6:V6,"x")>0),"OK","Falta")) -> OK | AE6: https://pubs.acs.org/doi/10.1021/acs.jchemed.3c01036
A7: exp_ele_char_mater.html | B7: Caracterización Electroquímica de Metales | C7: Explora el comportamiento de distintos metales mediante técnicas electroquímicas y descubre cómo sus propiedades influyen en aplicaciones como la energía, la corrosión y la fabricación de materiales. | D7: Todos | E7: 60 | F7: Central | H7: x | K7: x | P7: x | Q7: x | Z7: x | AD7: =IF(AND($A7="",COUNTIF(H7:V7,"x")=0),"",IF(AND($A7<>"",COUNTIF(H7:V7,"x")>0),"OK","Falta")) -> OK | AE7: https://pubs.acs.org/jceda8/article/95/2/197/750385/A-Practical-Beginner-s-Guide-to-Cyclic-Voltammetry
A8: exp_ele_corrosion.html | B8: Corrosión de Metales por Voltametría | C8: Explora cómo y por qué se corroen los metales mediante una experiencia electroquímica, descubriendo los factores que aceleran este proceso y su importancia en objetos y estructuras de uso cotidiano. | D8: Universitario | E8: 90 | F8: Central | H8: x | N8: x | S8: x | AD8: =IF(AND($A8="",COUNTIF(H8:V8,"x")=0),"",IF(AND($A8<>"",COUNTIF(H8:V8,"x")>0),"OK","Falta")) -> OK | AE8: https://www.biologic.net/documents/tafel-plot-lpr-corrosion-application-note-10/
A9: exp_ele_detect_met_pesad.html | B9: Detección de Cu(II) por Voltamperometría | C9: Descubre cómo detectar cobre en una muestra y comprende su importancia en el agua y el ambiente mediante una experiencia electroquímica sencilla y práctica. | D9: Secundaria avanzada | E9: 60 | F9: Central | H9: x | S9: x | V9: x | Z9: x | AD9: =IF(AND($A9="",COUNTIF(H9:V9,"x")=0),"",IF(AND($A9<>"",COUNTIF(H9:V9,"x")>0),"OK","Falta")) -> OK | AE9: https://www.nature.com/articles/nprot.2013.007
A10: exp_ele_fund_electrochem.html | B10: Voltametría cíclica | C10: Explora cómo se comportan la materia frente a la electricidad y descubre sus procesos de oxidación y reducción. | D10: Secundaria | E10: 60 | F10: Central | H10: x | Q10: x | AD10: =IF(AND($A10="",COUNTIF(H10:V10,"x")=0),"",IF(AND($A10<>"",COUNTIF(H10:V10,"x")>0),"OK","Falta")) -> OK | AE10: https://pubs.acs.org/jceda8/article/95/2/197/750385/A-Practical-Beginner-s-Guide-to-Cyclic-Voltammetry
A11: exp_ele_ion_zn.html | B11: Baterías Recargables de Ion Zinc | C11: Construye y explora una batería recargable de ion-zinc, descubriendo cómo almacena y libera energía y por qué estas tecnologías son una alternativa interesante para el futuro del almacenamiento energético. | D11: Secundaria avanzada | E11: 60 | F11: Central/Energía | G11: 2019 | H11: x | K11: x | O11: x | Z11: x | AD11: =IF(AND($A11="",COUNTIF(H11:V11,"x")=0),"",IF(AND($A11<>"",COUNTIF(H11:V11,"x")>0),"OK","Falta")) -> OK | AE11: https://www.sciencedirect.com/science/article/pii/S2095495620303922
A12: exp_mic_chip.html | B12: Chip bajo microscopio | C12: Observación de un chip bajo el microscopio, explorando sus diminutos componentes y descubriendo cómo la tecnología integra millones de elementos en espacios cada vez más pequeños. | D12: Secundaria | E12: 60 | F12: Centra/Microscopio | I12: x | Q12: x | V12: x | AD12: =IF(AND($A3="",COUNTIF(H12:V12,"x")=0),"",IF(AND($A3<>"",COUNTIF(H12:V12,"x")>0),"OK","Falta")) -> OK
A13: exp_mic_lente_azuc.html | B13: Lente de aumento con agua azucarada | C13: Construye una sencilla lente de aumento con agua azucarada y descubre cómo la luz puede cambiar de dirección para ampliar y transformar lo que observamos. | D13: Secundaria | E13: 60 | F13: Centra/Microscopio | I13: x | Q13: x | AD13: =IF(AND($A13="",COUNTIF(H13:V13,"x")=0),"",IF(AND($A13<>"",COUNTIF(H13:V13,"x")>0),"OK","Falta")) -> OK | AE13: https://www.instructables.com/Cook-up-an-Edible-Magnifying-Glass/
A14: exp_mic_microplast.html | B14: Determinación de microplásticos | C14: Detecta microplásticos en muestras de agua y descubre cómo estos pequeños fragmentos de plástico pueden llegar al ambiente, explorando su impacto y la importancia de identificarlos. | D14: Secundaria avanzada | E14: 60 | F14: Centra/Microscopio | I14: x | Q14: x | S14: x | AD14: =IF(AND($A14="",COUNTIF(H14:V14,"x")=0),"",IF(AND($A14<>"",COUNTIF(H14:V14,"x")>0),"OK","Falta")) -> OK | AE14: /https://escholarship.org/content/qt213891c7/qt213891c7_noSplash_fd1323853445327e6485b7bf6f235f97.pdf y https://analyticalsciencejournals.onlinelibrary.wiley.com/doi/abs/10.1002/jemt.24596
A15: exp_mic_mitosis.html | B15: Mitosis celular en cebollas | C15: Observa la mitosis en células de cebolla y descubre cómo las células se dividen para crecer y reproducirse, identificando las diferentes etapas de este fascinante proceso. | D15: Secundaria | E15: 60 | F15: Centra/Microscopio | I15: x | Q15: x | V15: x | AD15: =IF(AND($A15="",COUNTIF(H15:V15,"x")=0),"",IF(AND($A15<>"",COUNTIF(H15:V15,"x")>0),"OK","Falta")) -> OK | AE15: https://www.thoughtco.com/observing-mitosis-lab-1224888
A16: exp_mic_polen.html | B16: Monitoreo de morfología de polen | C16: Observa y monitorea la morfología del polen, descubriendo la diversidad de formas y estructuras microscópicas que permiten identificar y diferenciar distintas especies vegetales. | D16: Secundaria | E16: 60 | F16: Centra/Microscopio | I16: x | Q16: x | AD16: =IF(AND($A16="",COUNTIF(H16:V16,"x")=0),"",IF(AND($A16<>"",COUNTIF(H16:V16,"x")>0),"OK","Falta")) -> OK | AE16: https://www.sciencedirect.com/science/article/pii/S0254629922002563
A17: exp_mic_respiracion_plants.html | B17: Respiración de las plantas | C17: Observa cómo las plantas liberan oxígeno durante la fotosíntesis y descubre este proceso mediante la formación de burbujas, utilizando bicarbonato de sodio y un microscopio. | D17: Secundaria | E17: 60 | F17: Centra/Microscopio | I17: x | Q17: x | V17: x | AD17: =IF(AND($A17="",COUNTIF(H17:V17,"x")=0),"",IF(AND($A17<>"",COUNTIF(H17:V17,"x")>0),"OK","Falta")) -> OK | AE17: https://www.sciencebuff.org/scienceactivity/breathing-leaves/
A18: exp_mic_wat_electrolisis.html | B18: Formación de O2 y H2 por electrólisis | C18: Observa la formación de hidrógeno y oxígeno durante la electrólisis y descubre cómo la electricidad puede transformar el agua, siguiendo el proceso directamente bajo el microscopio. | D18: Secundaria avanzada | E18: 60 | F18: Centra/Microscopio | H18: x | I18: x | P18: x | Q18: x | AD18: =IF(AND($A18="",COUNTIF(H18:V18,"x")=0),"",IF(AND($A18<>"",COUNTIF(H18:V18,"x")>0),"OK","Falta")) -> OK
A19: exp_spect_clorofil.html | B19: Obteniendo clorofila de espinacas | C19: Extrae clorofila de espinacas y explora sus propiedades ópticas mediante un espectrómetro, descubriendo cómo las plantas absorben la luz y qué relación tiene con la fotosíntesis. | D19: Secundaria avanzada | E19: 90 | F19: Central/Spectrometro | J19: x | N19: x | Q19: x | S19: x | AD19: =IF(AND($A19="",COUNTIF(H19:V19,"x")=0),"",IF(AND($A19<>"",COUNTIF(H19:V19,"x")>0),"OK","Falta")) -> OK
A20: exp_spect_cqds.html | B20: Puntos cuánticos de carbono (químico) | C20: Sintetiza puntos cuánticos de carbono mediante un método químico y descubre cómo transformar materiales sencillos en nanomateriales con propiedades ópticas sorprendentes y potenciales aplicaciones tecnológicas. | D20: Universitario | E20: 90 | F20: Central/Spectrometro | J20: x | M20: x | Q20: x | AD20: =IF(AND($A20="",COUNTIF(H20:V20,"x")=0),"",IF(AND($A20<>"",COUNTIF(H20:V20,"x")>0),"OK","Falta")) -> OK | AE20: https://dergipark.org.tr/en/pub/okufbed/issue/71216/1024008
A21: exp_spect_pHcol.html | B21: Col morada como indicador de pH | C21: Prepara un indicador de pH a partir de col morada y descubre cómo sus colores cambian según la acidez o basicidad de diferentes sustancias de uso cotidiano. | D21: Secundaria | E21: 60 | F21: Central/Spectrometro | J21: x | Q21: x | S21: x | AD21: =IF(AND($A21="",COUNTIF(H21:V21,"x")=0),"",IF(AND($A21<>"",COUNTIF(H21:V21,"x")>0),"OK","Falta")) -> OK | AE21: https://www.compoundchem.com/2017/05/18/red-cabbage/
A22: exp_spect_quim_color.html | B22: Estructura química y color | C22: Explora cómo la estructura química de una sustancia puede influir en su color, descubriendo la relación entre las moléculas, la luz y las propiedades que observamos a simple vista. | D22: Secundaria avanzada | E22: 60 | F22: Central/Spectrometro | J22: x | Q22: x | AD22: =IF(AND($A22="",COUNTIF(H22:V22,"x")=0),"",IF(AND($A22<>"",COUNTIF(H22:V22,"x")>0),"OK","Falta")) -> OK
AD23: =IF(AND($A23="",COUNTIF(H23:V23,"x")=0),"",IF(AND($A23<>"",COUNTIF(H23:V23,"x")>0),"OK","Falta"))
AD24: =IF(AND($A24="",COUNTIF(H24:V24,"x")=0),"",IF(AND($A24<>"",COUNTIF(H24:V24,"x")>0),"OK","Falta"))
AD25: =IF(AND($A25="",COUNTIF(H25:V25,"x")=0),"",IF(AND($A25<>"",COUNTIF(H25:V25,"x")>0),"OK","Falta"))
AD26: =IF(AND($A26="",COUNTIF(H26:V26,"x")=0),"",IF(AND($A26<>"",COUNTIF(H26:V26,"x")>0),"OK","Falta"))
AD27: =IF(AND($A27="",COUNTIF(H27:V27,"x")=0),"",IF(AND($A27<>"",COUNTIF(H27:V27,"x")>0),"OK","Falta"))
AD28: =IF(AND($A28="",COUNTIF(H28:V28,"x")=0),"",IF(AND($A28<>"",COUNTIF(H28:V28,"x")>0),"OK","Falta"))
AD29: =IF(AND($A29="",COUNTIF(H29:V29,"x")=0),"",IF(AND($A29<>"",COUNTIF(H29:V29,"x")>0),"OK","Falta"))
AD30: =IF(AND($A30="",COUNTIF(H30:V30,"x")=0),"",IF(AND($A30<>"",COUNTIF(H30:V30,"x")>0),"OK","Falta"))
AD31: =IF(AND($A31="",COUNTIF(H31:V31,"x")=0),"",IF(AND($A31<>"",COUNTIF(H31:V31,"x")>0),"OK","Falta"))
AD32: =IF(AND($A32="",COUNTIF(H32:V32,"x")=0),"",IF(AND($A32<>"",COUNTIF(H32:V32,"x")>0),"OK","Falta"))
AD33: =IF(AND($A33="",COUNTIF(H33:V33,"x")=0),"",IF(AND($A33<>"",COUNTIF(H33:V33,"x")>0),"OK","Falta"))
AD34: =IF(AND($A34="",COUNTIF(H34:V34,"x")=0),"",IF(AND($A34<>"",COUNTIF(H34:V34,"x")>0),"OK","Falta"))
... AD102: =IF(AND($A102="",COUNTIF(H102:V102,"x")=0),"",IF(AND($A102<>"",COUNTIF(H102:V102,"x")>0),"OK","Falta"))

Sheet Resumen
A1: Experimentos por categoría
A2: Se actualiza solo (no cuenta la fila de ejemplo).
A4: Total de experimentos | B4: =COUNTA(Experimentos!A4:A102) -> 19
A6: TÓPICOS | B6: N.º experimentos
A7: Electroquímica | B7: =COUNTIF(Experimentos!H4:H102,"x") -> 7
A8: Microscopía | B8: =COUNTIF(Experimentos!I4:I102,"x") -> 7
A9: Espectrofotometría | B9: =COUNTIF(Experimentos!J4:J102,"x") -> 4
A10: Energía | B10: =COUNTIF(Experimentos!K4:K102,"x") -> 2
A11: DigiChem | B11: =COUNTIF(Experimentos!L4:L102,"x") -> 2
A13: CAMPOS DE APLICACIÓN | B13: N.º experimentos
A14: NanoTec | B14: =COUNTIF(Experimentos!M4:M102,"x") -> 2
A15: Industria | B15: =COUNTIF(Experimentos!N4:N102,"x") -> 3
A16: Almacenamiento de energía | B16: =COUNTIF(Experimentos!O4:O102,"x") -> 1
A17: Generación de energía | B17: =COUNTIF(Experimentos!P4:P102,"x") -> 2
A18: Ciencias básicas | B18: =COUNTIF(Experimentos!Q4:Q102,"x") -> 16
A19: Tratamientos de aguas | B19: =COUNTIF(Experimentos!R4:R102,"x") -> 0
A20: Medio ambiente | B20: =COUNTIF(Experimentos!S4:S102,"x") -> 5
A21: Química digital | B21: =COUNTIF(Experimentos!T4:T102,"x") -> 2
A22: Microrobótica | B22: =COUNTIF(Experimentos!U4:U102,"x") -> 0
A23: Otras áreas | B23: =COUNTIF(Experimentos!V4:V102,"x") -> 5
A25: SEGURIDAD | B25: N.º experimentos
A26: Corrosivo | B26: =COUNTIF(Experimentos!W4:W102,"x") -> 0
A27: Inflamable | B27: =COUNTIF(Experimentos!X4:X102,"x") -> 0
A28: Láser | B28: =COUNTIF(Experimentos!Y4:Y102,"x") -> 0
A29: Eléctrico | B29: =COUNTIF(Experimentos!Z4:Z102,"x") -> 4
A30: Calor | B30: =COUNTIF(Experimentos!AA4:AA102,"x") -> 0
A31: Tóxico | B31: =COUNTIF(Experimentos!AB4:AB102,"x") -> 0
A32: Gases | B32: =COUNTIF(Experimentos!AC4:AC102,"x") -> 0
